aX,aY,aZ,gX,gY,gZ
0.497,-0.501,0.722,0.488,-1.526,-14.282
0.488,-0.501,0.701,11.169,-0.183,-12.512
0.474,-0.509,0.693,19.348,-1.648,-11.169
0.479,-0.509,0.676,30.151,-2.197,-11.169
0.485,-0.505,0.668,34.363,-1.892,-10.620
0.484,-0.506,0.661,30.151,-2.197,-8.972
0.477,-0.517,0.645,19.165,-2.563,-5.981
0.473,-0.547,0.652,3.601,-2.136,-1.404
0.454,-0.564,0.702,-7.141,0.549,3.723
0.437,-0.611,0.689,-3.906,4.333,6.897
0.428,-0.597,0.700,3.967,6.409,9.033
0.431,-0.564,0.706,20.691,9.216,9.094
0.416,-0.611,0.653,34.424,11.475,10.620
0.385,-0.764,0.675,28.442,12.146,21.118
0.338,-0.964,0.755,30.945,19.653,41.870
0.320,-1.083,0.901,54.016,33.203,64.819
0.327,-1.246,1.051,65.491,41.870,82.092
0.345,-1.432,1.140,52.856,45.715,90.454
0.348,-1.701,1.257,29.236,47.729,83.862
0.379,-1.832,1.255,9.521,48.828,71.472
0.276,-1.891,1.243,-10.620,44.250,55.603
0.155,-1.842,1.313,-14.099,44.861,39.917
-0.043,-1.671,1.324,-43.030,44.373,26.184
-0.204,-1.478,1.274,-75.928,37.598,19.226
-0.315,-1.367,1.166,-97.046,30.762,25.391
-0.493,-1.211,1.010,-125.977,26.672,57.495
-0.706,-1.026,0.849,-161.255,28.503,106.201
-0.852,-0.750,0.655,-190.857,41.809,146.484
-0.871,-0.540,0.471,-216.064,65.796,174.438
-0.828,-0.422,0.283,-238.098,93.628,206.787
-0.594,-0.424,0.446,-257.263,123.047,239.563
-0.273,-0.311,0.232,-244.568,149.109,260.254
-0.114,-0.154,0.105,-263.184,143.921,273.743
0.059,-0.385,0.102,-322.876,141.541,291.443
0.018,-0.335,-0.190,-388.916,158.508,342.468
0.114,-0.150,-0.639,-355.530,156.555,311.951
0.446,0.354,-0.945,-256.470,148.560,194.885
0.807,1.058,-0.940,-142.456,147.156,25.696
1.058,1.706,-0.878,-41.748,156.738,-57.190
1.086,2.317,-1.064,19.531,162.842,-32.593
1.119,2.712,-1.205,50.720,147.522,-20.142
1.147,2.734,-1.122,8.240,138.733,31.311
1.255,2.564,-0.906,-93.567,146.606,114.258
1.443,2.142,-0.537,-174.988,149.780,160.217
1.612,1.552,-0.107,-202.454,139.954,175.659
1.669,1.018,0.135,-197.632,131.042,166.016
1.599,0.701,0.268,-170.776,114.197,108.643
1.598,0.642,0.440,-99.060,90.149,5.249
1.536,0.760,0.530,-14.038,69.397,-94.543
1.384,0.945,0.495,15.808,52.979,-141.418
1.111,1.052,0.360,10.742,33.081,-141.907
0.921,0.894,0.272,-11.292,18.555,-114.746
0.777,0.640,0.144,2.747,8.606,-72.083
0.605,0.477,0.100,29.419,0.000,-27.954
0.586,0.272,0.003,39.124,-15.320,8.179
0.642,0.177,0.031,38.269,-26.855,35.583
0.726,0.130,0.096,24.841,-31.250,50.537
0.807,0.101,0.159,11.963,-30.457,51.636
0.844,0.128,0.209,1.343,-26.428,46.082
0.853,0.143,0.212,-15.991,-23.254,35.217
0.846,0.150,0.244,-40.894,-20.447,21.606
0.841,0.182,0.275,-52.979,-14.832,9.888
0.819,0.222,0.282,-42.236,-7.141,-1.160
0.830,0.289,0.275,-24.414,-4.150,-14.954
0.862,0.377,0.220,-12.573,-7.629,-23.682
0.874,0.401,0.195,-5.920,-12.207,-23.010
0.863,0.403,0.192,15.503,-15.381,-18.127
0.862,0.418,0.264,33.997,-19.653,-11.353
0.853,0.379,0.268,42.175,-25.574,-0.854
0.820,0.304,0.237,47.241,-31.433,7.812
0.817,0.233,0.234,44.067,-32.959,16.357
0.823,0.208,0.224,31.372,-30.396,20.508
0.828,0.187,0.255,14.954,-25.696,15.930
0.838,0.193,0.250,4.517,-21.729,4.883
0.861,0.258,0.264,1.282,-17.456,-5.981
0.891,0.339,0.306,-7.629,-12.085,-16.785
0.891,0.472,0.319,-16.602,-9.155,-27.344
0.918,0.517,0.338,-22.949,-9.583,-35.461
0.962,0.544,0.276,-16.968,-14.893,-37.964
0.999,0.565,0.247,-0.854,-20.325,-34.790
1.006,0.559,0.234,9.827,-23.682,-27.954
0.985,0.520,0.292,12.268,-26.611,-20.081
0.924,0.508,0.327,9.033,-31.555,-14.160
0.874,0.483,0.302,1.160,-37.231,-9.277
0.855,0.410,0.257,-4.395,-42.053,-6.653
0.849,0.375,0.245,-2.380,-43.030,-8.118
0.851,0.382,0.272,-4.822,-41.931,-15.076
0.853,0.407,0.268,-5.249,-41.504,-27.771
0.881,0.443,0.298,0.183,-42.114,-43.152
0.915,0.488,0.319,10.193,-40.100,-59.082
0.983,0.468,0.354,15.137,-38.391,-70.984
1.002,0.417,0.392,6.897,-38.086,-72.571
0.985,0.344,0.397,-10.559,-35.645,-64.819
0.932,0.255,0.394,-25.635,-34.790,-52.063
0.848,0.190,0.384,-21.362,-37.598,-37.598
0.743,0.191,0.367,4.944,-45.288,-25.330
0.703,0.212,0.331,28.442,-54.260,-16.968
0.686,0.256,0.278,42.419,-60.425,-16.907
0.674,0.353,0.265,60.669,-62.988,-25.513
0.704,0.411,0.266,73.181,-63.538,-39.978
0.740,0.437,0.255,71.106,-62.134,-52.246
0.798,0.398,0.283,72.388,-58.044,-61.951
0.854,0.340,0.370,74.036,-51.819,-70.129
0.868,0.244,0.488,65.491,-43.701,-74.280
0.840,0.172,0.610,46.570,-37.842,-71.655
0.785,0.117,0.645,26.917,-39.063,-59.814
0.722,0.099,0.616,13.000,-44.250,-47.058
0.678,0.079,0.553,4.272,-51.025,-43.274
0.666,0.109,0.490,-5.920,-58.716,-47.729
0.710,0.132,0.443,-16.357,-66.895,-57.251
0.755,0.173,0.362,-18.738,-74.402,-62.988
0.774,0.206,0.391,-14.465,-77.881,-61.768
0.793,0.183,0.473,-4.822,-74.890,-57.312
0.782,0.076,0.531,-5.493,-69.031,-51.880
0.747,-0.009,0.628,-22.522,-62.927,-42.480
0.712,-0.036,0.687,-28.198,-57.068,-35.950
0.678,-0.015,0.744,-22.095,-53.589,-37.109
0.657,0.026,0.764,-1.892,-53.589,-45.837
0.652,0.070,0.770,18.738,-55.176,-52.673

0.481,-0.153,0.804,8.179,-0.366,1.648
0.483,-0.155,0.810,7.385,0.732,3.174
0.481,-0.163,0.810,5.188,0.916,3.967
0.479,-0.165,0.815,4.883,0.732,3.540
0.475,-0.158,0.832,5.676,0.916,2.136
0.474,-0.152,0.832,7.141,0.854,0.977
0.474,-0.151,0.825,9.094,0.305,0.244
0.469,-0.149,0.819,8.728,-0.671,0.061
0.472,-0.156,0.815,10.620,-1.160,-0.671
0.471,-0.146,0.798,12.085,-1.587,-0.488
0.467,-0.150,0.792,13.489,-0.977,0.427
0.453,-0.154,0.811,16.602,1.099,1.587
0.454,-0.183,0.798,24.597,3.479,2.563
0.497,-0.248,0.881,23.743,4.822,5.737
0.402,-0.208,0.984,27.710,9.521,7.446
0.383,-0.328,1.036,39.551,17.029,7.385
0.331,-0.493,1.183,34.363,17.944,17.944
0.260,-0.731,1.314,39.368,19.714,35.889
0.223,-1.036,1.537,41.992,26.794,54.138
0.245,-1.307,1.787,35.889,34.912,71.960
0.253,-1.369,1.970,34.302,39.917,81.787
0.109,-1.337,2.042,19.104,32.104,80.444
-0.130,-1.330,1.973,-3.845,21.851,77.087
-0.385,-1.303,1.815,-26.489,16.541,88.074
-0.816,-1.281,1.599,-55.786,20.142,110.779
-1.221,-1.285,1.349,-84.900,29.541,129.150
-1.473,-1.329,1.073,-118.530,41.931,137.817
-1.546,-1.374,0.820,-156.189,66.833,134.888
-1.329,-1.335,0.494,-175.232,93.262,123.901
-0.736,-0.974,0.256,-181.946,122.009,109.558
0.021,-0.306,0.026,-172.058,155.334,93.140
0.601,0.274,-0.111,-162.781,164.185,96.497
0.856,0.483,-0.136,-188.843,192.200,154.419
0.951,0.457,-0.157,-258.362,250.061,243.958
1.132,-0.035,-0.409,-293.457,297.852,295.532
1.145,-0.308,-0.635,-317.200,292.786,299.744
1.402,-0.079,-0.836,-289.490,246.704,229.614
1.601,0.397,-1.052,-163.147,190.491,77.576
1.659,0.798,-1.273,-22.278,154.541,-74.158
1.428,1.470,-1.339,15.381,143.799,-178.650
1.046,1.939,-1.358,10.803,137.329,-216.736
0.776,2.520,-1.361,27.039,161.987,-100.464
0.848,2.644,-0.857,11.169,180.237,-65.125
0.919,2.485,-0.310,-22.034,184.509,-28.564
0.938,2.095,-0.261,-65.063,162.476,38.269
1.043,1.458,-0.233,-97.290,128.357,82.703
1.208,0.629,-0.213,-97.839,99.243,98.633
1.521,0.347,0.263,-85.083,93.384,101.807
1.812,0.318,0.843,-56.763,83.313,84.961
1.763,0.561,1.152,-52.246,55.054,54.871
1.485,1.005,1.071,-44.312,22.949,15.503
1.254,1.363,0.860,10.559,1.038,-27.832
1.036,1.426,0.649,70.496,-6.104,-53.528
0.708,1.103,0.318,90.515,1.709,-39.978
0.370,0.661,-0.142,69.702,1.709,-3.113
0.034,0.132,-0.477,40.649,-23.621,26.672
-0.005,-0.282,-0.578,16.907,-43.335,36.926
0.144,-0.320,-0.451,5.676,-40.100,44.617
0.322,-0.116,-0.211,9.521,-29.053,46.265
0.501,0.123,0.000,9.216,-11.169,33.203
0.706,0.332,0.218,3.174,0.244,10.864
0.856,0.429,0.385,-1.099,7.141,-14.771
0.951,0.451,0.451,-7.935,10.010,-37.781
1.001,0.446,0.414,-12.268,12.268,-47.119
0.971,0.427,0.340,-5.859,12.085,-44.128
0.907,0.462,0.288,2.258,3.723,-46.021
0.843,0.441,0.264,20.630,-6.470,-41.077
0.797,0.418,0.171,32.959,-17.639,-18.494
0.758,0.334,0.110,37.048,-31.250,-2.991
0.767,0.247,0.082,32.471,-39.795,10.193
0.818,0.188,0.110,22.766,-39.490,15.137
0.911,0.207,0.229,15.198,-32.715,18.066
0.988,0.218,0.335,7.629,-29.419,9.521
1.030,0.221,0.413,0.977,-28.137,-4.883
1.055,0.279,0.463,-11.658,-23.804,-16.479
1.064,0.357,0.488,-26.672,-16.724,-26.062
1.055,0.407,0.494,-35.095,-14.160,-35.645
1.044,0.456,0.465,-41.077,-15.076,-41.992
1.009,0.458,0.400,-40.405,-13.855,-43.030
0.947,0.449,0.326,-28.015,-13.489,-35.095
0.874,0.446,0.290,-2.747,-21.118,-21.423
0.870,0.441,0.265,25.757,-32.532,-10.071
0.852,0.401,0.285,40.222,-40.039,-3.052
0.827,0.322,0.283,37.720,-38.574,1.526
0.805,0.283,0.296,28.748,-35.583,5.676
0.812,0.264,0.305,23.071,-33.691,4.578
0.836,0.201,0.287,17.822,-31.067,-2.686
0.849,0.211,0.380,3.052,-28.137,-9.888
0.862,0.210,0.382,-6.775,-23.071,-16.296
0.866,0.193,0.375,-0.732,-18.005,-21.606
0.866,0.194,0.385,5.310,-17.334,-22.949
0.859,0.239,0.394,3.601,-19.714,-20.630
0.849,0.287,0.396,1.221,-21.179,-17.456
0.844,0.321,0.400,4.883,-22.461,-15.320
0.856,0.355,0.398,8.728,-24.475,-11.841
0.855,0.360,0.386,7.263,-25.879,-8.240
0.840,0.353,0.388,1.770,-25.391,-6.042
0.821,0.326,0.398,-4.272,-22.400,-6.042
0.823,0.264,0.385,-9.827,-16.724,-8.301
0.822,0.233,0.370,-15.930,-11.230,-9.949
0.821,0.221,0.349,-20.081,-6.897,-9.888
0.807,0.216,0.344,-18.860,-3.906,-10.010
0.805,0.240,0.371,-8.667,-2.747,-12.512
0.829,0.251,0.394,5.615,-2.991,-17.395
0.843,0.258,0.416,16.541,-3.906,-20.081
0.847,0.259,0.418,22.827,-5.920,-18.982
0.830,0.252,0.402,22.766,-8.301,-15.686
0.817,0.257,0.389,19.897,-10.071,-12.146
0.829,0.276,0.381,17.639,-11.597,-8.606
0.840,0.280,0.392,14.160,-12.817,-5.554
0.867,0.260,0.386,8.972,-13.000,-3.906
0.894,0.252,0.383,5.432,-13.184,-2.563
0.884,0.241,0.433,6.531,-12.573,-0.061
0.904,0.228,0.454,5.920,-9.827,2.563
0.878,0.241,0.459,1.831,-7.812,3.601
0.870,0.240,0.447,3.784,-7.874,1.648
0.859,0.250,0.424,6.714,-9.338,0.488
0.837,0.250,0.403,6.226,-9.766,0.671
0.823,0.251,0.389,6.897,-8.911,0.244

0.501,-0.127,0.817,-2.686,-1.648,0.244
0.494,-0.125,0.820,-1.892,-2.258,6.836
0.493,-0.126,0.817,-1.709,-1.160,11.169
0.501,-0.136,0.797,1.160,-0.366,10.315
0.516,-0.140,0.814,3.479,0.671,6.592
0.530,-0.136,0.860,2.808,2.686,3.235
0.533,-0.121,0.886,0.244,4.333,1.038
0.522,-0.115,0.919,-5.432,5.554,0.427
0.524,-0.127,0.901,-9.094,4.578,2.441
0.512,-0.150,0.859,-8.118,0.610,6.592
0.505,-0.170,0.836,-6.104,-2.014,12.268
0.490,-0.183,0.843,-4.761,-1.648,17.700
0.477,-0.193,0.886,-4.089,1.038,18.555
0.464,-0.224,0.940,-3.174,5.554,14.709
0.460,-0.275,0.983,-2.319,10.986,11.536
0.431,-0.334,1.078,2.014,18.372,14.832
0.402,-0.390,1.204,8.484,28.625,21.484
0.378,-0.518,1.332,4.944,39.368,25.513
0.367,-0.691,1.470,-6.042,50.354,23.437
0.349,-0.869,1.600,-6.653,60.425,20.264
0.277,-0.964,1.677,-3.845,68.909,20.630
0.153,-1.099,1.698,-2.869,76.965,23.743
0.052,-1.137,1.764,-6.348,85.938,33.081
-0.030,-1.105,1.814,-15.747,96.619,38.757
-0.188,-1.055,1.811,-30.273,107.666,38.513
-0.338,-0.978,1.816,-51.880,119.080,35.400
-0.430,-1.018,1.781,-72.815,135.315,30.701
-0.403,-1.008,1.807,-86.731,157.043,39.978
-0.481,-0.932,1.710,-108.704,177.917,57.983
-0.549,-0.834,1.372,-131.653,190.491,78.613
-0.750,-0.569,1.119,-145.386,198.181,113.220
-0.988,-0.252,1.041,-154.907,218.323,162.842
-0.738,-0.234,0.898,-163.391,265.808,202.332
-0.182,-0.572,0.809,-187.195,280.334,223.633
0.195,-0.971,0.888,-213.745,284.607,238.159
0.370,-1.231,0.634,-205.261,282.532,236.755
0.299,-1.095,-0.050,-170.532,244.751,196.289
0.180,-0.715,-1.049,-132.202,185.974,126.221
0.354,-0.064,-2.346,-90.698,141.174,59.875
0.658,0.783,-3.495,-83.191,130.493,31.128
1.061,1.716,-3.867,-118.591,153.625,57.861
1.515,2.269,-3.894,-180.725,197.510,107.788
1.997,2.789,-2.957,-225.891,236.938,142.029
2.207,2.833,-1.952,-227.173,254.700,148.437
2.000,2.713,-1.261,-218.262,225.891,131.104
1.584,2.561,-0.707,-170.349,173.828,48.523
1.460,2.374,-0.002,-72.266,141.357,-71.838
1.629,2.043,0.692,47.974,128.601,-190.979
1.735,1.439,0.999,137.207,111.511,-227.356
1.392,0.796,0.561,155.762,76.660,-124.084
0.790,0.119,-0.186,119.080,26.672,7.751
0.271,-0.284,-0.602,39.001,-27.466,117.065
-0.006,-0.555,-0.635,13.062,-41.016,166.992
-0.121,-0.502,-0.439,29.175,-50.110,166.748
-0.132,-0.351,-0.519,70.129,-52.063,145.081
0.019,-0.293,-0.611,121.460,-31.860,107.544
0.244,-0.127,-0.343,120.850,-10.925,53.528
0.511,0.059,-0.050,88.318,14.404,-19.348
0.735,0.294,0.152,68.115,32.776,-91.614
0.896,0.469,0.208,64.758,39.612,-142.639
0.914,0.571,0.243,67.444,41.443,-153.076
0.866,0.598,0.164,62.378,40.283,-121.094
0.727,0.490,0.038,52.612,32.043,-72.021
0.620,0.326,-0.123,37.476,7.935,-25.574
0.551,0.233,-0.178,25.269,-25.085,10.742
0.604,0.165,-0.187,19.836,-46.387,32.288
0.688,0.138,-0.170,8.240,-46.143,36.377
0.737,0.129,-0.115,-7.080,-42.053,28.503
0.786,0.131,-0.054,-18.188,-36.011,11.841
0.848,0.203,0.005,-28.198,-21.667,-4.028
0.885,0.300,0.019,-37.720,-6.348,-18.311
0.917,0.382,0.073,-35.278,2.502,-30.212
0.982,0.494,0.131,-21.057,8.789,-28.259
1.074,0.617,0.124,-6.409,10.620,-22.583
1.134,0.591,0.178,10.376,4.272,-34.546
1.243,0.585,0.201,29.785,-3.052,-28.320
1.323,0.596,0.192,28.809,-11.475,-17.334
1.330,0.553,0.213,17.578,-19.470,-14.404
1.275,0.445,0.175,2.319,-25.879,-11.719
1.209,0.340,0.128,-12.390,-30.457,-2.930
1.139,0.272,0.086,-26.062,-30.823,7.385
1.084,0.212,0.079,-35.828,-27.893,10.986
1.045,0.204,0.131,-47.424,-24.414,9.216
1.037,0.231,0.174,-53.894,-21.606,5.981
1.024,0.252,0.242,-44.495,-15.381,3.418
0.984,0.338,0.167,-36.926,2.625,7.019
0.930,0.408,0.100,-25.208,7.446,9.949
0.893,0.434,0.116,-4.395,-3.174,6.409
0.898,0.411,0.107,17.578,-12.756,0.671
0.911,0.409,0.100,31.494,-16.418,-0.793
0.879,0.430,0.096,34.241,-16.602,5.981
0.872,0.422,0.098,31.311,-15.442,8.301
0.878,0.402,0.117,24.658,-14.404,4.822
0.887,0.370,0.139,19.165,-11.963,0.000
0.896,0.375,0.157,12.634,-8.667,-2.014
0.902,0.380,0.172,5.371,-6.287,-3.784
0.925,0.408,0.188,-0.854,-5.981,-6.836
0.938,0.419,0.210,-4.395,-7.385,-7.629
0.917,0.442,0.213,-5.859,-8.240,-5.188
0.888,0.425,0.164,-3.723,-6.836,-1.282
0.857,0.408,0.149,1.465,-11.963,1.831
0.867,0.367,0.135,6.958,-20.874,3.418
0.882,0.332,0.126,12.512,-25.024,4.578
0.880,0.344,0.138,17.944,-24.170,7.507
0.888,0.385,0.151,23.071,-22.888,7.080
0.905,0.406,0.152,24.475,-21.484,1.343
0.921,0.404,0.174,19.409,-19.104,-5.371
0.896,0.384,0.221,10.986,-15.076,-9.338
0.876,0.350,0.221,0.793,-11.108,-11.047
0.862,0.329,0.162,-6.470,-12.085,-12.085
0.854,0.311,0.080,-10.254,-14.160,-12.939
0.848,0.321,0.064,-6.165,-13.367,-15.137
0.900,0.324,0.056,4.700,-11.475,-19.226
0.901,0.437,0.171,13.062,-11.963,-25.635
0.992,0.436,0.175,33.264,-8.789,-33.264
1.045,0.474,0.220,46.936,-7.996,-37.903
1.047,0.469,0.262,42.297,-11.230,-37.415
1.023,0.427,0.275,31.616,-18.799,-30.823
0.991,0.386,0.230,21.423,-27.283,-17.578

0.449,0.077,0.826,2.563,-1.160,5.615
0.443,0.071,0.824,1.160,-0.916,5.859
0.449,0.068,0.820,0.916,-0.610,5.188
0.452,0.073,0.825,0.183,-0.061,2.991
0.459,0.070,0.834,0.610,0.793,0.671
0.471,0.062,0.838,2.319,1.038,-0.854
0.482,0.041,0.850,1.587,0.916,-0.244
0.473,0.071,0.842,1.709,0.671,5.310
0.461,0.090,0.851,6.714,2.014,9.766
0.477,0.084,0.854,12.939,3.052,7.996
0.448,0.092,0.847,12.085,0.977,5.493
0.456,0.093,0.844,11.658,-0.977,3.296
0.471,0.091,0.829,12.268,-0.916,0.610
0.469,0.092,0.831,13.916,-0.305,0.305
0.483,0.089,0.810,15.869,1.221,1.953
0.496,0.087,0.828,14.954,2.686,3.296
0.495,0.080,0.837,13.672,4.150,4.578
0.495,0.070,0.826,17.700,5.127,6.836
0.478,0.078,0.823,19.043,5.615,10.071
0.445,0.076,0.813,15.320,5.371,10.437
0.432,0.100,0.822,9.460,3.967,7.935
0.422,0.085,0.841,5.249,2.319,5.066
0.408,0.043,0.823,4.578,1.526,2.014
0.440,0.006,0.795,11.780,1.892,1.526
0.457,-0.002,0.803,29.724,6.348,5.371
0.466,0.033,0.825,44.495,13.916,12.878
0.472,0.026,0.835,43.457,18.799,18.982
0.427,0.028,0.886,32.776,18.494,20.752
0.433,0.020,0.885,27.283,16.602,20.386
0.415,-0.013,0.913,31.067,16.418,18.127
0.354,-0.079,0.996,19.775,17.029,19.409
0.226,-0.125,1.146,1.465,20.630,30.823
0.242,-0.131,1.220,10.803,25.940,40.039
0.245,-0.233,1.325,26.855,28.870,34.302
0.248,-0.438,1.659,49.072,33.142,20.569
0.230,-0.656,1.954,49.377,44.678,13.062
0.233,-0.923,2.126,44.067,59.570,12.329
0.140,-1.055,2.376,33.264,71.411,24.414
-0.104,-1.092,2.558,4.639,86.792,52.368
-0.421,-1.050,2.576,-22.522,102.051,81.360
-0.789,-0.959,2.421,-39.673,108.215,88.501
-0.997,-1.021,2.082,-43.823,102.051,56.824
-1.061,-1.025,1.909,-44.434,89.172,21.423
-1.141,-0.883,1.656,-70.313,113.037,29.724
-1.142,-0.800,1.251,-108.276,163.513,59.143
-0.750,-0.447,1.015,-141.968,204.590,87.341
-0.281,-0.086,0.825,-177.002,232.666,104.370
-0.033,-0.041,0.525,-233.643,242.004,138.977
0.274,-0.497,0.360,-301.270,272.461,217.468
0.536,-0.755,0.366,-351.318,322.021,295.532
1.049,-0.827,0.094,-303.650,319.092,267.334
1.483,-0.768,-0.350,-197.937,244.995,135.498
1.496,-0.504,-1.408,-116.394,145.630,7.263
1.149,0.319,-2.711,-91.125,92.957,-37.170
0.851,1.020,-3.656,-95.398,116.516,-22.400
1.165,1.664,-3.875,-116.699,178.284,-6.836
1.575,1.974,-3.092,-131.409,244.080,-35.522
2.054,2.339,-2.136,-132.751,284.058,15.015
2.243,2.450,-1.344,-130.005,284.851,48.035
2.274,2.863,-0.366,-81.421,258.423,2.319
2.238,3.485,0.770,-23.621,234.436,-70.801
2.019,3.944,1.410,26.367,250.061,-127.197
1.638,3.803,1.405,67.932,257.507,-131.653
1.144,2.531,0.673,122.986,221.191,-81.360
0.431,0.571,-0.509,159.607,164.978,7.019
-0.165,-1.092,-1.256,136.780,76.111,125.366
-0.477,-1.972,-1.094,84.106,-12.512,231.506
-0.478,-2.206,-0.580,34.119,-46.143,290.283
-0.229,-1.680,-0.576,5.737,-41.260,309.692
-0.092,-0.889,-0.563,-3.967,19.836,239.624
-0.032,0.002,-0.403,-7.935,63.232,126.953
0.023,0.733,-0.211,6.226,62.683,-9.216
0.380,0.907,-0.056,43.884,48.340,-151.672
0.705,0.692,0.136,72.754,56.580,-238.098
0.889,0.468,0.097,73.120,114.014,-219.360
0.953,0.451,-0.027,40.588,158.447,-125.916
0.871,0.389,-0.081,-8.423,119.507,-54.382
0.736,0.348,-0.093,-32.288,30.884,3.357
0.603,0.322,-0.129,-30.579,-35.889,45.288
0.584,0.316,-0.221,-15.503,-47.729,71.899
0.547,0.321,-0.195,4.822,-35.522,79.041
0.560,0.265,-0.153,18.372,-29.053,60.669
0.600,0.251,-0.096,16.724,-27.039,32.227
0.621,0.307,-0.102,8.240,-18.677,-0.488
0.689,0.425,-0.108,9.094,-7.141,-30.762
0.786,0.560,-0.033,17.090,-1.709,-55.237
0.870,0.681,0.018,22.034,-3.235,-71.411
0.953,0.722,0.006,25.208,-6.836,-71.960
0.995,0.657,-0.021,21.851,-10.559,-56.152
1.006,0.601,-0.037,0.549,-9.338,-31.372
0.976,0.516,-0.002,-33.936,-12.817,-16.846
1.001,0.435,-0.001,-38.879,-15.808,-8.728
0.991,0.423,-0.006,-41.138,-21.057,-4.150
0.972,0.433,-0.060,-36.682,-24.292,-4.395
0.924,0.488,-0.063,-17.944,-26.123,-3.296
0.868,0.520,-0.068,-2.197,-25.269,0.305
0.855,0.511,-0.068,1.282,-21.973,5.859
0.879,0.492,-0.009,7.263,-18.250,12.573
0.920,0.480,0.037,13.062,-15.564,18.188
0.951,0.499,0.052,8.972,-15.564,19.592
0.983,0.509,0.045,2.014,-16.846,13.733
0.966,0.529,0.050,-4.333,-16.541,9.766
0.924,0.599,0.060,-11.841,-13.000,8.728
0.883,0.637,0.034,-16.968,-8.301,5.432
0.860,0.655,0.023,-17.273,-6.653,-1.160
0.849,0.669,0.039,-16.235,-7.385,-8.484
0.859,0.646,0.046,-14.648,-8.118,-16.541
0.890,0.614,0.068,-10.620,-10.559,-22.644
0.906,0.547,0.054,-7.751,-14.893,-24.170
0.910,0.461,0.008,-8.362,-19.531,-19.958
0.885,0.403,-0.024,-7.385,-22.949,-10.132
0.850,0.387,-0.029,-9.644,-23.682,1.770
0.822,0.371,-0.021,-8.789,-22.461,10.681
0.813,0.404,-0.023,-2.197,-21.851,15.198
0.824,0.433,-0.021,8.972,-19.836,14.465
0.821,0.496,0.001,17.761,-16.296,10.437
0.839,0.536,0.026,20.508,-13.000,1.831
0.860,0.556,0.065,21.301,-11.963,-8.179
0.901,0.559,0.068,18.372,-9.155,-17.151

0.536,-0.037,0.831,-8.667,-1.282,2.747
0.538,-0.027,0.808,-7.935,-2.014,2.075
0.525,-0.027,0.794,-5.737,-3.357,1.282
0.523,-0.021,0.792,-4.272,-3.540,0.610
0.523,-0.007,0.796,-1.892,-3.235,-0.488
0.529,-0.020,0.799,0.916,-2.930,-1.160
0.523,-0.032,0.802,-0.916,-1.953,-0.427
0.520,-0.045,0.811,-4.333,-1.160,1.648
0.512,-0.048,0.823,-7.141,-0.793,3.784
0.514,-0.064,0.823,-7.263,-0.488,4.639
0.504,-0.045,0.811,-3.174,-0.122,4.700
0.497,-0.034,0.804,0.549,0.488,5.615
0.501,-0.015,0.803,1.648,0.977,5.859
0.507,-0.008,0.800,0.488,0.488,4.700
0.511,-0.024,0.806,-0.305,0.427,3.113
0.519,-0.031,0.812,-1.709,1.099,2.930
0.529,-0.029,0.822,-1.892,1.038,2.502
0.535,-0.026,0.824,-0.671,0.671,0.000
0.545,-0.023,0.826,-0.732,0.000,-1.343
0.550,-0.020,0.829,-1.648,-0.244,-0.366
0.546,-0.018,0.818,-3.845,0.061,2.869
0.517,-0.027,0.816,-4.822,-0.366,6.165
0.491,-0.020,0.813,-2.625,0.061,8.728
0.495,-0.006,0.809,1.160,0.732,8.484
0.482,-0.023,0.810,4.822,-0.488,5.493
0.485,-0.061,0.817,9.644,0.000,2.930
0.497,-0.067,0.826,10.315,1.831,3.174
0.498,-0.083,0.837,9.766,2.869,4.944
0.474,-0.106,0.878,11.047,4.517,6.409
0.452,-0.105,0.928,17.456,7.629,7.996
0.436,-0.131,0.973,20.508,10.254,10.864
0.373,-0.191,1.079,22.522,13.550,15.991
0.351,-0.360,1.207,29.114,22.400,19.958
0.323,-0.525,1.429,31.616,34.119,24.780
0.284,-0.680,1.659,26.489,50.049,31.616
0.234,-0.837,1.877,30.090,67.505,29.236
0.144,-1.016,2.100,27.100,82.581,23.682
0.063,-1.143,2.371,12.451,96.680,26.917
0.037,-1.344,2.547,-9.277,105.713,34.302
-0.051,-1.423,2.667,-41.382,109.314,51.453
-0.193,-1.317,2.655,-79.651,116.760,76.172
-0.330,-1.361,2.412,-106.873,122.070,78.552
-0.498,-1.275,2.225,-134.277,121.094,78.613
-0.717,-1.036,2.018,-159.790,119.263,86.975
-1.014,-0.683,1.663,-188.049,130.005,112.061
-1.335,-0.399,1.395,-216.797,160.156,141.602
-1.533,-0.224,1.001,-229.797,201.843,160.156
-1.418,-0.223,0.461,-226.013,241.516,171.387
-1.059,-0.167,0.274,-220.520,282.227,176.025
-0.559,-0.173,0.099,-199.585,296.448,137.268
-0.097,-0.233,-0.339,-171.387,298.584,78.186
0.302,-0.364,-1.075,-162.231,307.434,57.495
0.511,-0.217,-2.159,-191.162,298.279,89.478
0.721,0.194,-3.379,-239.319,290.344,130.371
0.955,0.555,-4.000,-289.673,309.692,138.672
1.298,0.736,-4.000,-301.514,342.468,122.192
2.142,0.775,-3.841,-268.127,349.182,94.299
2.896,1.016,-2.828,-208.252,326.782,66.772
3.109,1.481,-1.871,-159.546,281.128,-20.447
3.156,2.432,-0.930,-88.440,225.586,-133.545
2.683,3.602,0.057,-7.019,200.012,-239.685
2.214,4.000,0.432,60.425,259.827,-252.991
1.320,4.000,0.394,52.002,326.599,-159.424
0.398,2.721,-0.405,9.583,362.671,-25.452
-0.877,-0.024,-0.911,-11.536,239.258,97.046
-1.837,-2.035,-0.668,-0.427,-19.165,215.149
-1.232,-2.657,-0.687,15.198,-93.201,322.632
-0.453,-2.109,-0.307,37.292,-88.135,354.675
0.014,-1.208,-0.368,11.292,-5.188,201.599
0.377,-0.343,-0.349,-19.775,67.383,-38.452
0.450,0.439,-0.252,-22.095,42.236,-159.668
0.707,1.054,-0.201,6.775,34.424,-187.073
1.107,1.457,-0.158,51.086,59.265,-172.485
1.138,1.449,-0.031,79.224,90.393,-169.312
1.164,0.937,-0.375,86.853,101.013,-144.897
0.826,0.679,-0.292,57.129,15.320,-46.814
0.618,0.426,-0.414,31.921,-65.002,57.007
0.433,0.172,-0.461,27.649,-77.698,104.797
0.276,-0.112,-0.495,15.137,-66.711,96.985
0.300,-0.319,-0.515,8.789,-56.030,67.932
0.340,-0.300,-0.445,5.371,-56.030,41.870
0.517,-0.034,-0.393,7.996,-43.579,11.536
0.741,0.255,-0.313,26.123,-13.672,-35.645
0.959,0.578,-0.177,44.006,12.817,-83.435
1.091,0.878,-0.076,41.321,25.635,-107.178
1.179,1.051,-0.055,52.795,26.367,-113.159
1.182,1.083,-0.075,66.772,19.836,-102.600
1.155,0.921,-0.150,68.604,9.033,-64.514
1.143,0.788,-0.266,53.772,-6.042,-6.775
1.031,0.613,-0.305,25.269,-27.527,14.404
1.039,0.331,-0.285,8.118,-45.166,19.104
1.038,0.179,-0.240,-8.240,-54.688,36.560
1.022,0.106,-0.254,-20.264,-48.157,46.753
1.041,0.118,-0.260,-25.208,-33.997,45.166
1.014,0.228,-0.184,-25.879,-36.987,35.156
1.061,0.345,-0.193,-22.888,-25.024,17.395
1.072,0.509,-0.160,-10.986,-11.719,0.427
1.048,0.639,-0.128,1.831,-13.184,-15.564
1.041,0.758,-0.181,9.094,-6.470,-25.818
0.987,0.814,-0.190,8.423,2.869,-28.320
0.969,0.755,-0.230,10.742,-4.395,-23.926
0.953,0.682,-0.247,6.226,-8.362,-7.202
0.956,0.607,-0.216,-1.343,-11.475,9.277
0.957,0.547,-0.173,-1.282,-15.442,16.235
0.951,0.509,-0.153,2.014,-18.799,15.625
0.944,0.511,-0.155,2.319,-18.860,12.085
0.918,0.543,-0.151,2.136,-18.555,4.395
0.916,0.565,-0.178,4.272,-19.897,-6.226
0.889,0.608,-0.196,12.207,-23.315,-13.916
0.852,0.645,-0.207,22.156,-24.475,-17.212
0.829,0.657,-0.228,28.870,-26.550,-18.188
0.798,0.629,-0.247,31.921,-29.907,-17.639
0.777,0.576,-0.242,28.931,-30.762,-16.174
0.744,0.504,-0.203,23.071,-32.104,-20.752
0.751,0.358,-0.212,18.555,-32.471,-24.902
0.757,0.249,-0.178,11.169,-29.419,-22.034
0.765,0.195,-0.134,2.808,-25.879,-20.203
0.798,0.188,-0.087,1.587,-20.935,-19.531
0.838,0.220,-0.049,3.479,-17.944,-20.630

0.523,-0.488,0.620,5.615,-3.906,-2.380
0.516,-0.491,0.608,2.991,-2.930,-0.427
0.510,-0.501,0.596,0.488,-2.258,1.770
0.510,-0.498,0.602,-0.793,-1.587,3.601
0.541,-0.489,0.629,0.183,-0.305,4.333
0.566,-0.491,0.650,4.639,0.793,3.906
0.570,-0.495,0.667,6.775,1.038,5.798
0.562,-0.537,0.652,5.981,0.061,10.498
0.539,-0.565,0.657,5.737,-2.258,15.320
0.509,-0.575,0.663,4.944,-3.479,17.700
0.483,-0.610,0.654,0.916,-3.967,16.602
0.446,-0.657,0.678,0.000,-3.845,15.137
0.419,-0.736,0.727,0.854,-1.526,15.259
0.390,-0.833,0.781,4.578,4.211,17.029
0.375,-0.941,0.876,11.230,10.437,18.555
0.345,-1.071,1.021,14.709,17.151,20.935
0.327,-1.267,1.130,12.329,24.536,26.672
0.300,-1.437,1.220,2.441,29.480,33.813
0.264,-1.506,1.285,-14.160,32.898,40.344
0.191,-1.531,1.371,-35.950,38.940,43.457
0.087,-1.498,1.382,-54.260,48.950,44.312
-0.059,-1.428,1.403,-67.871,58.044,47.546
-0.158,-1.370,1.498,-85.571,69.397,58.411
-0.224,-1.310,1.584,-109.741,84.351,79.285
-0.325,-1.292,1.597,-132.507,100.159,102.417
-0.390,-1.326,1.654,-145.142,115.112,110.352
-0.351,-1.231,1.678,-146.912,127.380,108.948
-0.313,-1.099,1.689,-144.531,138.672,98.450
-0.300,-1.011,1.671,-140.137,149.048,89.294
-0.284,-1.017,1.560,-137.207,157.593,93.994
-0.343,-1.021,1.279,-140.442,171.570,127.747
-0.616,-0.934,1.013,-158.813,183.289,170.288
-0.944,-1.032,0.509,-184.814,184.998,176.147
-1.001,-0.875,-0.033,-203.247,218.933,186.890
-0.831,-0.643,-0.196,-209.412,257.141,184.387
-0.323,-0.557,-0.484,-202.026,289.490,162.781
0.124,-0.462,-1.051,-191.406,301.208,142.761
0.510,-0.097,-1.736,-190.063,298.340,136.719
0.675,0.303,-2.538,-204.956,288.879,126.526
0.583,0.549,-3.287,-220.154,284.363,104.553
0.751,0.920,-3.866,-224.548,299.805,121.338
1.273,1.680,-3.716,-237.183,318.542,172.363
1.724,2.011,-3.129,-240.845,322.021,162.720
1.831,2.192,-2.327,-260.437,298.096,164.917
1.637,2.100,-1.579,-268.311,262.512,174.683
1.330,2.088,-0.961,-242.432,220.215,140.320
1.367,2.180,-0.412,-159.973,176.270,22.949
1.827,2.429,0.207,-36.865,142.395,-139.099
2.242,2.273,0.718,76.965,114.258,-251.465
1.932,1.649,0.653,129.272,68.054,-244.751
1.284,0.724,0.062,108.704,13.977,-133.728
0.486,-0.337,-0.448,59.387,-40.588,22.949
0.228,-0.983,-0.813,14.893,-59.814,176.941
-0.106,-1.438,-0.637,-7.019,-68.115,184.082
-0.055,-1.379,-0.509,-9.033,-42.969,154.358
-0.026,-0.869,-0.432,-19.714,-27.527,139.404
0.128,-0.399,-0.444,-14.526,-19.409,58.411
0.440,-0.033,-0.321,1.404,-15.930,-48.889
0.927,0.385,-0.062,20.325,18.127,-109.131
1.308,0.612,0.107,39.673,42.725,-125.854
1.433,0.586,0.145,45.471,41.199,-131.348
1.350,0.417,0.057,39.734,31.860,-91.064
1.149,0.397,-0.103,15.198,36.743,-21.240
0.906,0.048,-0.235,-4.578,19.104,-9.583
0.802,-0.149,-0.339,-8.850,0.610,14.282
0.706,-0.226,-0.324,-21.057,-11.780,33.752
0.695,-0.236,-0.321,-17.639,-15.381,27.161
0.765,-0.064,-0.317,-6.653,-17.517,17.151
0.878,0.154,-0.250,0.977,-11.108,1.343
1.018,0.277,-0.190,4.395,5.432,-25.818
1.191,0.427,-0.184,5.188,6.226,-38.696
1.212,0.368,-0.115,-0.061,3.235,-55.542
1.274,0.329,-0.086,4.761,-1.770,-53.833
1.285,0.302,-0.082,-3.845,-11.658,-33.203
1.236,0.226,-0.110,-4.395,-32.349,-17.639
1.163,0.154,-0.172,-2.991,-37.476,-6.470
1.106,0.094,-0.204,-3.052,-32.227,-3.296
1.093,0.103,-0.207,-0.793,-26.978,0.488
1.084,0.125,-0.193,-0.916,-21.362,1.953
1.109,0.182,-0.176,-0.305,-13.306,2.136
1.135,0.230,-0.157,-0.305,-5.981,3.906
1.130,0.229,-0.124,-0.854,-3.418,9.094
1.123,0.206,-0.119,-2.136,-4.639,18.250
1.108,0.162,-0.125,-5.432,-7.568,27.771
1.087,0.134,-0.099,-6.226,-9.033,35.767
1.082,0.140,-0.097,-6.531,-8.789,41.870
1.073,0.180,-0.105,-7.812,-9.644,43.457
1.082,0.263,-0.125,-9.033,-12.390,41.260
1.072,0.328,-0.125,-9.705,-15.686,28.320
1.074,0.359,-0.109,-4.089,-15.442,9.766
1.097,0.371,-0.112,0.732,-7.996,-2.869
1.113,0.377,-0.110,2.869,-4.578,-8.545
1.105,0.356,-0.123,3.296,-7.874,-7.263
1.084,0.337,-0.158,5.737,-16.296,-1.526
1.036,0.319,-0.188,10.315,-27.344,6.165
0.999,0.304,-0.214,15.625,-38.513,13.733
0.949,0.258,-0.222,19.958,-45.959,18.311
0.905,0.185,-0.188,18.372,-47.974,20.996
0.862,0.103,-0.115,11.047,-45.715,22.522
0.826,0.043,-0.109,4.944,-42.175,22.705
0.836,0.037,-0.109,3.418,-40.527,17.822
0.883,0.087,-0.091,4.761,-37.231,5.066
0.928,0.171,-0.071,6.958,-32.349,-13.916
0.971,0.315,-0.105,10.925,-29.907,-39.795
1.016,0.441,-0.138,20.325,-33.081,-73.059
1.070,0.537,-0.145,29.175,-38.574,-87.341
1.080,0.602,-0.143,34.180,-41.504,-73.914
1.037,0.592,-0.099,38.086,-45.898,-46.875
0.935,0.450,-0.031,37.109,-56.396,-21.179
0.876,0.270,-0.048,33.325,-65.674,15.747
0.893,0.163,-0.156,27.344,-70.618,56.274
0.900,0.059,-0.173,26.367,-75.867,49.133
1.014,-0.031,-0.127,42.297,-77.820,12.512
1.137,0.020,-0.078,57.495,-77.881,-14.221
1.224,0.109,-0.055,68.787,-81.604,-43.701
1.283,0.206,-0.099,77.759,-87.402,-65.247
1.274,0.333,-0.117,82.581,-93.689,-64.453
1.199,0.437,-0.130,83.252,-98.206,-49.683
1.081,0.466,-0.127,78.308,-104.980,-25.513

0.515,-0.295,0.788,5.310,2.747,4.272
0.504,-0.316,0.799,2.625,2.075,4.456
0.497,-0.344,0.802,1.770,2.197,4.211
0.487,-0.372,0.815,0.183,2.136,4.883
0.465,-0.362,0.838,2.136,2.808,5.676
0.469,-0.379,0.830,5.981,3.784,6.104
0.462,-0.396,0.836,8.118,4.822,7.568
0.467,-0.441,0.847,7.690,7.935,12.573
0.452,-0.448,0.869,3.784,12.390,22.522
0.411,-0.462,0.925,-2.075,18.616,31.128
0.352,-0.490,0.973,1.465,25.085,34.058
0.352,-0.581,1.045,3.601,29.419,30.518
0.366,-0.714,1.126,3.418,31.433,23.010
0.395,-0.906,1.199,4.822,33.203,16.296
0.385,-1.045,1.260,3.540,37.231,15.137
0.407,-1.134,1.285,-1.404,44.800,19.226
0.409,-1.116,1.379,-8.240,55.725,26.001
0.430,-1.102,1.359,-15.076,68.298,37.354
0.340,-1.091,1.374,-26.306,76.294,59.082
0.265,-1.009,1.473,-36.194,91.675,95.886
0.255,-0.913,1.532,-54.688,115.173,130.859
0.180,-0.880,1.524,-72.144,131.531,142.456
0.057,-0.907,1.475,-87.097,131.836,137.756
-0.023,-0.907,1.479,-96.802,127.625,128.357
-0.075,-0.950,1.501,-102.844,126.160,110.046
-0.075,-0.969,1.455,-116.150,126.038,103.882
-0.068,-0.971,1.377,-129.883,124.695,102.478
-0.099,-0.965,1.365,-137.390,129.761,100.464
-0.203,-0.849,1.356,-143.860,142.639,106.445
-0.392,-0.791,1.227,-153.320,161.560,122.864
-0.535,-0.646,0.890,-154.419,183.044,148.743
-0.635,-0.580,0.586,-159.607,169.678,155.701
-0.634,-0.537,0.328,-168.213,194.580,157.043
-0.502,-0.393,0.102,-194.885,227.234,179.687
-0.367,-0.369,-0.081,-218.872,247.742,198.975
-0.131,-0.347,-0.484,-233.887,256.958,207.764
0.004,-0.407,-1.004,-230.835,256.042,203.369
0.008,-0.691,-1.697,-238.708,252.258,212.036
0.024,-1.080,-2.825,-270.081,250.305,239.807
0.235,-0.889,-3.848,-308.899,250.671,256.897
0.487,-0.496,-4.000,-342.957,242.065,184.631
1.328,0.668,-4.000,-313.538,230.103,135.620
2.108,2.329,-3.944,-259.033,227.295,105.896
2.104,3.999,-2.359,-189.697,252.014,25.146
1.976,4.000,-0.979,-104.126,309.692,-65.430
1.367,4.000,0.298,-71.716,310.730,-111.816
1.392,4.000,0.865,-77.026,314.697,-109.802
1.274,4.000,0.964,0.793,236.877,-131.348
1.003,2.350,0.302,111.450,94.971,-145.386
0.498,-0.178,-0.809,114.197,-68.054,-27.344
-0.247,-1.999,-0.908,34.424,-181.824,152.039
-0.168,-2.713,-0.806,-3.479,-202.942,260.193
0.266,-2.462,-0.559,11.536,-179.016,275.696
0.190,-1.943,-0.013,38.818,-156.860,142.395
0.510,-0.864,-0.188,36.804,-84.290,54.260
0.459,0.012,-0.277,11.292,-13.916,-3.052
0.535,0.549,-0.221,15.137,7.324,-68.787
0.725,0.856,-0.077,27.771,2.747,-138.123
0.928,1.130,0.028,46.021,0.488,-173.401
1.034,1.108,0.148,72.205,2.686,-190.491
1.222,1.102,0.034,82.397,23.682,-151.184
1.141,0.960,0.032,41.748,47.791,-136.780
1.012,0.464,-0.027,13.855,45.410,-132.324
0.922,0.206,-0.233,-5.005,27.466,-59.692
0.713,-0.039,-0.294,-19.104,-15.808,4.395
0.672,-0.190,-0.362,-18.921,-41.443,41.931
0.735,-0.083,-0.320,-19.592,-48.401,67.322
0.840,0.158,-0.301,-12.573,-34.912,66.895
0.919,0.424,-0.136,3.540,-25.574,47.852
1.008,0.600,-0.079,14.648,-15.381,18.738
1.055,0.731,-0.055,14.404,-3.113,-8.057
1.093,0.781,-0.086,13.306,5.371,-30.273
1.114,0.789,-0.074,16.846,3.540,-43.701
1.128,0.744,-0.103,19.531,7.996,-44.434
1.128,0.670,-0.062,13.550,5.920,-33.752
1.123,0.571,-0.094,2.563,-11.597,-15.991
1.076,0.482,-0.134,-5.920,-26.917,1.038
0.991,0.455,-0.095,-13.062,-41.443,13.062
0.929,0.395,-0.155,-15.442,-46.082,21.423
0.878,0.391,-0.160,-8.545,-42.542,26.306
0.881,0.411,-0.126,-5.188,-35.034,21.912
0.877,0.400,-0.105,-1.831,-24.353,8.667
0.875,0.369,-0.123,-0.427,-16.846,-3.174
0.886,0.379,-0.123,-3.601,-13.184,-8.606
0.900,0.396,-0.102,-9.216,-11.353,-10.498
0.929,0.419,-0.065,-15.076,-9.766,-10.254
0.942,0.440,-0.023,-16.968,-10.742,-6.042
0.953,0.465,-0.026,-17.029,-12.390,-2.136
0.969,0.497,-0.032,-13.245,-14.954,-2.136
0.986,0.533,-0.014,-4.272,-18.127,-5.371
0.974,0.553,0.016,4.456,-19.531,-10.498
0.942,0.549,0.022,10.437,-20.874,-14.465
0.901,0.543,-0.036,13.611,-23.926,-16.052
0.847,0.489,-0.102,16.296,-29.297,-16.296
0.803,0.420,-0.155,16.357,-33.447,-14.771
0.787,0.364,-0.181,7.507,-32.837,-11.841
0.786,0.338,-0.208,-4.822,-30.579,-10.437
0.767,0.382,-0.158,-8.545,-29.358,-11.658
0.791,0.426,-0.123,1.587,-23.560,-17.639
0.850,0.461,-0.098,11.475,-19.165,-27.100
0.913,0.486,-0.041,13.550,-18.066,-35.583
0.958,0.517,0.001,11.719,-17.273,-40.039
0.960,0.562,0.002,11.414,-20.203,-41.382
1.008,0.573,-0.019,7.141,-30.640,-39.368
1.018,0.538,-0.038,3.662,-43.396,-33.508
1.035,0.520,-0.026,3.296,-52.917,-24.963
1.009,0.441,-0.046,0.427,-55.664,-20.142
0.958,0.276,-0.077,-3.662,-57.800,-13.916
0.896,0.309,-0.030,1.221,-57.434,-5.127
0.853,0.439,-0.012,17.761,-55.359,-7.935
0.837,0.438,-0.111,37.231,-57.800,-21.362
0.844,0.407,-0.147,44.983,-63.110,-27.893
0.896,0.392,-0.108,43.457,-63.232,-29.541
0.948,0.428,-0.052,38.025,-61.340,-33.936
0.999,0.440,-0.045,36.316,-64.331,-39.734
1.039,0.404,-0.059,37.781,-71.411,-41.870
1.055,0.434,-0.005,51.758,-75.806,-35.461
1.019,0.457,0.057,70.190,-74.951,-21.423
0.948,0.355,0.094,64.026,-77.332,-3.906

0.496,-0.166,0.787,3.906,-0.916,5.371
0.482,-0.177,0.785,3.601,-0.854,5.554
0.471,-0.182,0.796,1.160,-0.244,3.723
0.463,-0.187,0.786,0.793,0.366,0.854
0.464,-0.174,0.782,2.075,1.343,-1.587
0.467,-0.168,0.787,1.831,1.648,-2.869
0.465,-0.173,0.791,4.944,2.319,-2.747
0.477,-0.165,0.803,11.230,5.005,-1.343
0.472,-0.180,0.803,16.113,8.606,1.526
0.462,-0.219,0.819,24.231,12.329,6.226
0.468,-0.242,0.850,36.499,18.433,12.634
0.425,-0.333,0.920,46.326,23.621,18.860
0.398,-0.432,0.987,60.303,31.433,22.644
0.390,-0.584,1.114,74.036,39.551,24.902
0.377,-0.752,1.279,70.129,47.546,28.809
0.363,-0.893,1.414,60.974,55.664,32.715
0.359,-1.012,1.509,47.363,63.354,33.508
0.335,-1.095,1.625,21.118,70.190,31.616
0.288,-1.115,1.687,-1.282,75.806,37.537
0.231,-1.031,1.685,-17.517,85.632,58.533
0.169,-0.974,1.651,-37.109,97.778,81.116
0.008,-0.925,1.628,-58.655,108.093,103.943
-0.130,-0.993,1.651,-68.237,123.047,130.310
-0.268,-1.062,1.713,-83.130,142.273,143.188
-0.400,-1.175,1.553,-102.478,151.184,151.184
-0.561,-1.275,1.446,-114.502,150.208,146.301
-0.559,-1.298,1.308,-139.343,157.288,132.141
-0.494,-1.111,1.140,-163.879,178.955,125.671
-0.505,-0.959,1.043,-173.218,184.814,94.788
-0.587,-0.769,0.929,-182.007,211.426,77.393
-0.657,-0.490,0.661,-204.163,238.281,112.671
-0.456,-0.283,0.191,-223.267,277.649,157.898
-0.084,-0.033,0.003,-231.812,305.359,187.256
0.281,0.086,-0.013,-233.215,336.792,215.637
0.771,0.037,-0.222,-252.869,354.370,259.033
0.959,-0.278,-0.328,-279.114,351.501,305.237
1.054,-1.041,-0.871,-320.740,330.811,349.121
0.698,-0.735,-1.994,-379.456,324.158,365.417
0.659,-0.892,-2.315,-316.833,181.885,160.950
0.899,-0.564,-3.275,-214.294,44.800,61.523
1.076,0.712,-3.996,-213.257,-15.503,75.928
0.966,2.221,-3.764,-235.046,6.836,-17.517
0.690,3.373,-2.883,-180.359,145.325,-123.352
0.375,3.628,-2.209,-171.143,197.693,-112.244
0.166,3.344,-1.905,-202.393,185.669,-17.944
0.498,2.927,-1.534,-183.044,167.236,33.997
0.876,3.149,-0.462,-103.760,133.972,21.545
1.519,2.917,0.201,15.564,101.013,-25.085
1.560,2.476,0.511,104.553,74.707,-75.928
1.325,1.769,0.213,100.586,33.447,-62.256
0.995,0.290,-0.188,95.398,-18.494,-44.067
0.585,-0.966,-0.442,80.139,-58.044,46.631
0.320,-1.510,-0.485,32.959,-48.157,179.443
0.392,-1.476,-0.450,2.930,-22.278,232.422
0.271,-1.057,-0.243,1.221,-30.823,151.062
0.250,-0.418,-0.240,43.396,-39.063,10.498
0.421,0.208,-0.304,115.173,-25.208,-72.266
0.635,0.702,-0.225,171.997,-10.010,-102.539
0.875,0.872,-0.185,137.146,0.610,-119.446
0.999,0.851,-0.127,62.561,20.996,-102.478
1.010,0.740,-0.001,2.686,34.668,-52.673
1.129,0.673,-0.008,-19.470,31.372,-5.615
0.886,0.492,0.124,-29.358,22.644,-10.132
0.782,0.449,0.090,-14.221,-17.639,29.846
0.829,0.383,-0.305,-16.724,-33.875,61.646
0.643,0.189,-0.365,-31.494,-29.663,13.733
0.652,-0.033,-0.327,-7.568,-7.141,-53.284
0.699,0.172,-0.238,-1.404,8.057,-47.119
0.808,0.321,-0.213,8.667,1.343,-54.077
0.888,0.499,-0.166,20.691,-0.793,-66.467
0.953,0.685,-0.127,26.611,1.587,-62.012
0.997,0.714,-0.104,32.898,-1.282,-55.298
0.985,0.653,-0.098,29.602,-12.024,-46.204
0.955,0.532,-0.113,19.043,-23.987,-30.334
0.917,0.409,-0.157,20.813,-28.137,-18.555
0.896,0.357,-0.169,18.494,-29.358,-18.005
0.879,0.391,-0.186,17.151,-24.597,-17.822
0.886,0.428,-0.215,15.930,-18.005,-17.639
0.919,0.465,-0.190,9.338,-12.390,-17.639
0.939,0.479,-0.150,0.427,-7.019,-13.672
0.947,0.457,-0.117,-8.240,-4.517,-8.240
0.960,0.397,-0.122,-17.456,-5.676,-0.732
0.919,0.410,-0.101,-24.109,-7.629,9.399
0.925,0.384,-0.097,-22.217,-8.240,15.381
0.931,0.383,-0.083,-13.977,-7.812,15.625
0.937,0.412,-0.064,-8.362,-8.728,14.648
0.941,0.446,-0.070,-2.014,-10.559,12.695
0.924,0.453,-0.102,4.272,-13.245,11.719
0.901,0.473,-0.127,7.568,-16.296,12.817
0.898,0.507,-0.127,10.254,-17.883,13.428
0.922,0.532,-0.110,15.503,-17.700,10.864
0.945,0.532,-0.068,20.142,-19.287,4.272
0.996,0.533,-0.054,22.888,-22.461,5.798
0.995,0.588,-0.057,18.005,-21.973,10.010
0.970,0.543,-0.054,16.052,-23.071,1.038
0.957,0.503,-0.056,15.564,-24.231,-1.221
0.920,0.509,-0.098,12.390,-24.597,7.690
0.842,0.514,-0.123,11.230,-24.841,12.146
0.796,0.510,-0.149,16.113,-24.658,7.996
0.793,0.517,-0.146,21.729,-25.330,0.488
0.810,0.532,-0.132,25.574,-25.879,-4.700
0.835,0.553,-0.116,26.428,-24.841,-10.132
0.852,0.577,-0.079,26.978,-23.315,-15.625
0.866,0.570,-0.038,25.024,-21.606,-21.240
0.889,0.524,-0.036,17.639,-19.287,-24.475
0.876,0.495,-0.040,12.756,-16.785,-22.156
0.871,0.455,-0.018,9.583,-16.663,-18.066
0.867,0.411,-0.026,10.071,-18.066,-16.174
0.865,0.409,-0.027,18.005,-22.400,-14.038
0.876,0.401,-0.017,27.222,-28.503,-13.062
0.897,0.421,-0.008,32.898,-33.081,-12.817
0.904,0.449,-0.017,35.522,-36.011,-11.414
0.904,0.487,-0.011,37.781,-38.879,-10.681
0.886,0.509,-0.031,38.818,-41.565,-10.193
0.859,0.503,-0.002,38.757,-43.335,-9.155
0.835,0.458,-0.018,40.588,-42.969,-6.531
0.814,0.418,-0.019,37.476,-43.823,-0.671
0.808,0.368,-0.025,33.997,-45.349,4.211
0.819,0.350,0.000,30.579,-45.898,5.310

0.563,-0.201,0.798,-2.625,-1.526,0.183
0.560,-0.214,0.806,-1.526,-1.526,0.977
0.559,-0.236,0.803,0.000,-1.038,0.854
0.566,-0.219,0.803,1.099,-1.160,1.038
0.581,-0.214,0.808,3.967,-0.916,0.610
0.583,-0.206,0.809,5.676,-0.549,0.549
0.586,-0.197,0.806,4.333,-0.671,2.258
0.574,-0.197,0.806,1.953,-0.427,4.639
0.553,-0.190,0.802,-0.732,-0.854,7.141
0.527,-0.181,0.787,-3.296,-1.587,8.240
0.520,-0.187,0.780,-2.502,-1.709,6.348
0.511,-0.179,0.781,-1.648,-1.526,4.150
0.500,-0.181,0.778,-0.427,-1.099,3.235
0.490,-0.191,0.766,0.061,-0.244,3.540
0.490,-0.182,0.762,0.061,0.061,4.089
0.495,-0.186,0.771,1.709,0.427,2.625
0.500,-0.176,0.782,4.395,0.610,0.366
0.526,-0.176,0.777,6.836,0.610,-1.587
0.555,-0.180,0.790,7.996,0.610,-2.747
0.569,-0.179,0.804,5.920,0.061,-1.648
0.565,-0.175,0.797,4.272,-0.916,2.075
0.547,-0.186,0.773,4.700,-1.892,4.639
0.531,-0.192,0.764,8.972,-2.563,4.333
0.517,-0.190,0.782,13.428,-1.770,3.662
0.509,-0.184,0.800,18.555,-0.122,3.296
0.502,-0.228,0.790,23.926,2.197,3.113
0.490,-0.236,0.854,27.771,4.883,4.883
0.521,-0.259,0.891,29.785,7.629,8.423
0.488,-0.363,0.989,31.433,7.874,11.719
0.431,-0.503,1.106,34.302,12.268,16.541
0.414,-0.640,1.267,40.405,19.592,25.879
0.385,-0.776,1.378,35.767,27.954,35.278
0.332,-0.972,1.546,16.968,38.940,41.382
0.228,-1.169,1.748,3.113,54.504,48.035
0.122,-1.267,1.875,-13.306,71.594,65.125
-0.010,-1.234,2.032,-41.077,87.769,83.496
-0.203,-1.170,2.097,-64.575,107.117,95.642
-0.315,-1.179,2.112,-80.322,123.047,99.609
-0.466,-1.277,2.125,-93.262,134.277,108.093
-0.704,-1.484,2.091,-114.685,148.560,134.033
-1.024,-1.624,1.900,-144.897,158.691,160.706
-1.316,-1.638,1.525,-178.101,163.696,173.523
-1.395,-1.455,0.976,-202.026,184.509,169.250
-1.206,-1.050,0.611,-210.876,228.699,143.005
-0.998,-0.564,0.536,-218.872,252.808,114.075
-0.449,-0.148,0.213,-218.384,285.339,115.112
0.064,-0.022,0.273,-220.764,324.585,170.105
0.239,-0.132,0.057,-258.240,340.942,256.531
0.354,-0.274,-0.651,-313.782,333.374,321.716
0.556,-0.439,-1.455,-343.201,303.284,316.467
0.619,-0.705,-1.975,-364.929,276.428,269.470
0.655,-0.810,-2.483,-404.663,262.024,225.830
0.541,-0.900,-3.299,-442.261,231.018,174.500
0.874,-0.411,-4.000,-457.092,191.101,122.375
1.201,0.240,-4.000,-410.095,102.417,-32.288
1.990,1.555,-3.552,-267.395,89.722,-172.424
2.116,2.838,-3.062,-207.458,142.029,-252.136
2.019,4.000,-2.401,-156.982,140.869,-225.220
2.001,4.000,-1.458,-96.069,107.117,-248.291
2.017,4.000,-0.540,-34.973,96.558,-250.427
1.976,4.000,0.233,26.245,99.731,-195.618
1.578,3.209,0.292,95.154,45.654,-79.895
1.033,0.747,-0.226,117.920,-46.143,5.066
0.401,-1.544,-0.648,84.473,-82.153,76.782
-0.136,-2.387,-0.527,2.197,-49.194,231.079
0.002,-2.218,-0.306,-25.146,-9.094,313.477
0.222,-1.721,-0.125,-2.930,-13.428,225.220
0.119,-1.191,-0.224,26.001,-46.021,52.368
0.181,-0.521,-0.491,31.738,-39.917,-32.410
0.395,0.323,-0.409,27.039,-18.250,-40.466
0.745,0.934,-0.159,50.598,13.428,-77.759
1.148,1.124,-0.022,74.463,45.959,-119.873
1.307,1.181,0.140,74.402,55.908,-120.850
1.261,1.035,0.158,35.645,30.823,-83.679
1.161,0.713,0.017,22.278,7.385,-35.095
0.837,0.145,-0.075,22.400,13.245,-30.334
0.723,-0.098,-0.047,30.212,-36.377,31.372
0.642,-0.097,-0.254,1.099,-51.941,88.379
0.543,-0.141,-0.280,7.629,-41.931,57.129
0.633,-0.087,-0.254,27.832,-36.133,13.245
0.651,0.203,-0.115,42.725,-41.382,3.784
0.808,0.252,-0.197,74.646,-24.353,-2.747
0.899,0.518,-0.148,50.354,-7.507,-19.958
0.956,0.705,-0.119,18.982,-1.343,-42.175
1.022,0.706,-0.122,21.729,0.000,-54.688
1.108,0.656,-0.130,20.447,-6.042,-40.527
1.001,0.555,-0.092,7.751,-4.089,-33.447
1.023,0.411,-0.036,6.592,-29.541,-4.883
0.966,0.349,-0.072,-4.822,-50.537,25.269
0.984,0.314,-0.102,-0.183,-37.109,41.748
1.009,0.338,-0.082,2.869,-23.010,40.588
0.995,0.367,-0.093,0.671,-17.578,22.339
0.961,0.396,-0.121,-4.578,-15.320,7.263
0.935,0.410,-0.148,-9.094,-9.216,7.446
0.908,0.422,-0.135,-10.803,-3.845,5.371
0.918,0.425,-0.094,-6.836,0.000,-0.671
0.958,0.429,-0.070,-3.052,0.854,0.366
0.999,0.446,-0.039,0.610,0.366,-0.427
1.019,0.443,-0.010,2.625,-1.160,-2.380
1.005,0.456,-0.011,2.502,-3.784,-1.038
0.972,0.457,-0.017,2.014,-7.080,1.648
0.936,0.410,-0.062,0.244,-10.681,3.967
0.865,0.386,-0.088,-1.648,-12.817,8.728
0.811,0.369,-0.103,-4.028,-11.658,13.855
0.799,0.354,-0.097,-3.113,-8.789,14.709
0.814,0.338,-0.094,-0.610,-6.653,13.306
0.819,0.347,-0.070,0.854,-5.005,12.329
0.844,0.375,-0.042,1.221,-2.136,11.292
0.832,0.421,-0.015,-1.038,-0.610,9.705
0.836,0.417,-0.043,-1.160,-0.305,7.019
0.849,0.423,-0.046,-0.488,-1.221,3.967
0.844,0.416,-0.043,-0.671,-1.953,3.601
0.854,0.419,-0.046,-1.282,-3.113,3.357
0.867,0.419,-0.034,-2.136,-4.028,2.319
0.895,0.423,-0.028,-2.258,-5.005,-0.488
0.906,0.457,-0.031,-4.150,-6.104,-4.028
0.903,0.483,-0.048,-5.127,-7.019,-6.592
0.897,0.528,-0.063,-2.625,-7.751,-7.202
0.878,0.552,-0.084,1.160,-7.629,-6.287

0.521,-0.156,0.803,4.395,-0.854,-1.160
0.527,-0.155,0.799,4.211,-1.221,-1.770
0.539,-0.143,0.807,4.822,-1.099,-2.808
0.558,-0.141,0.821,6.714,-0.549,-4.761
0.567,-0.140,0.821,5.859,-0.977,-4.944
0.557,-0.117,0.816,5.981,-1.770,-2.502
0.549,-0.104,0.804,6.287,-1.831,0.732
0.534,-0.109,0.800,4.211,-2.319,3.601
0.527,-0.114,0.786,1.831,-2.258,5.798
0.504,-0.106,0.778,-1.404,-0.732,8.179
0.479,-0.116,0.775,-2.197,1.831,10.620
0.460,-0.147,0.763,0.671,4.456,11.353
0.444,-0.159,0.787,8.911,7.019,11.780
0.500,-0.155,0.764,22.766,10.986,12.024
0.427,-0.206,0.905,27.771,14.832,13.367
0.447,-0.223,0.966,24.475,19.287,14.587
0.445,-0.297,1.032,23.865,20.081,14.709
0.408,-0.491,1.162,25.696,23.254,16.602
0.336,-0.699,1.329,24.597,35.156,28.259
0.247,-0.891,1.541,20.142,51.819,47.424
0.063,-1.039,1.769,10.437,68.665,61.829
0.023,-1.221,1.903,-3.113,83.191,70.923
-0.037,-1.330,2.001,-27.649,92.224,76.050
-0.183,-1.381,2.089,-49.438,99.670,79.529
-0.347,-1.452,2.197,-61.279,112.732,84.229
-0.333,-1.482,2.169,-79.712,127.625,89.966
-0.245,-1.397,1.976,-104.797,134.460,89.355
-0.383,-1.308,1.803,-112.915,137.390,80.688
-0.417,-1.108,1.600,-121.094,158.936,80.322
-0.399,-0.699,1.356,-142.517,196.899,92.529
-0.320,-0.299,1.279,-155.273,235.718,106.445
-0.335,-0.031,1.202,-159.790,254.639,128.601
-0.313,-0.117,0.863,-170.532,271.179,186.646
-0.411,-0.397,0.467,-223.328,289.124,288.574
-0.454,-0.428,0.051,-286.194,316.833,376.892
-0.421,-0.519,-0.296,-296.509,326.660,363.220
-0.188,-0.944,-0.751,-273.010,307.556,273.987
0.281,-1.148,-1.200,-267.639,278.015,201.477
0.514,-0.989,-2.023,-294.983,248.291,159.729
0.653,-0.617,-3.359,-342.651,211.365,129.944
0.953,-0.029,-4.000,-366.699,169.678,100.769
1.246,0.878,-4.000,-363.342,155.640,55.359
1.652,1.897,-3.978,-323.425,170.898,-36.682
1.832,2.540,-3.097,-252.747,205.200,-142.090
1.830,3.106,-1.986,-210.449,212.158,-182.983
1.962,3.749,-0.871,-152.039,176.697,-195.679
2.254,4.000,-0.014,-70.984,147.095,-203.979
2.018,4.000,0.815,5.310,122.925,-238.525
1.170,3.920,0.498,79.041,62.073,-152.344
0.297,1.387,-0.409,127.808,-6.775,-18.616
-0.394,-1.336,-1.150,97.595,-67.688,154.602
-0.780,-2.746,-1.070,-31.616,-32.227,327.942
-0.469,-2.786,-0.231,-89.050,12.573,327.881
0.168,-1.882,0.327,-54.504,-1.343,189.148
0.640,-0.704,0.235,3.906,-34.119,18.921
0.932,0.223,0.063,35.950,-26.306,-107.178
1.132,1.047,-0.080,59.143,-8.972,-108.521
1.266,1.096,-0.119,75.256,6.042,-123.535
1.144,1.074,-0.101,52.673,11.841,-99.060
0.864,0.818,-0.178,18.005,-2.441,-40.833
0.679,0.676,-0.447,3.662,1.709,13.733
0.513,0.196,-0.429,0.244,20.813,-11.597
0.457,-0.121,-0.349,-5.859,30.151,3.357
0.520,-0.151,-0.349,-29.541,21.301,44.067
0.613,-0.019,-0.330,-26.978,-0.793,44.678
0.765,0.182,-0.298,-14.771,-8.606,27.649
0.748,0.592,-0.165,-8.423,-9.827,28.381
0.906,0.584,-0.267,15.686,17.395,31.311
0.908,0.844,-0.237,28.564,21.667,26.306
0.945,0.824,-0.249,22.278,15.076,0.061
0.895,0.739,-0.229,23.682,10.925,-20.325
0.863,0.629,-0.236,13.672,9.460,-16.296
0.923,0.499,-0.252,15.015,18.433,-7.874
1.059,0.429,-0.241,15.381,14.221,-6.592
0.970,0.328,-0.099,20.264,1.587,-22.095
0.976,0.438,-0.152,27.222,-4.578,-2.991
0.990,0.569,-0.212,12.878,-6.897,12.939
0.977,0.598,-0.188,4.700,-4.272,2.014
0.966,0.534,-0.224,-0.916,2.075,-10.315
0.929,0.548,-0.229,-8.484,1.648,-5.432
0.903,0.548,-0.213,-14.343,-1.404,9.521
0.924,0.547,-0.198,-17.456,-2.197,15.747
0.952,0.592,-0.177,-18.494,1.343,17.090
0.965,0.616,-0.167,-16.296,0.977,16.907
0.970,0.628,-0.185,-14.709,-1.526,16.785
0.911,0.626,-0.202,-16.968,-2.991,16.418
0.861,0.595,-0.219,-16.907,-3.113,9.644
0.848,0.587,-0.183,-10.498,-1.587,3.113
0.835,0.564,-0.183,-4.761,-1.953,0.366
0.839,0.535,-0.206,-2.991,-3.967,0.977
0.800,0.480,-0.194,-2.197,-5.981,3.662
0.794,0.398,-0.224,-3.967,-6.042,6.531
0.774,0.375,-0.231,-6.409,-4.089,11.047
0.749,0.369,-0.264,-7.263,-2.502,13.489
0.740,0.380,-0.250,-7.446,-0.244,11.230
0.772,0.404,-0.240,-6.958,2.747,5.981
0.797,0.462,-0.223,-9.644,4.822,1.160
0.808,0.503,-0.222,-10.498,6.592,-2.625
0.825,0.534,-0.235,-7.812,7.141,-5.493
0.822,0.565,-0.223,-2.930,5.798,-7.629
0.825,0.577,-0.210,1.404,2.869,-8.423
0.831,0.547,-0.206,5.310,-1.160,-7.019
0.824,0.496,-0.205,5.920,-4.089,-2.747
0.830,0.471,-0.200,5.310,-6.104,1.709
0.842,0.453,-0.187,9.277,-8.606,2.075
0.866,0.468,-0.165,12.085,-10.132,-0.427
0.884,0.519,-0.142,14.160,-10.132,-3.723
0.891,0.571,-0.148,16.174,-10.925,-8.728
0.900,0.605,-0.159,17.273,-13.000,-12.573
0.909,0.633,-0.178,17.517,-14.709,-14.038
0.901,0.646,-0.180,15.930,-16.541,-13.916
0.882,0.635,-0.187,14.160,-17.456,-13.306
0.878,0.595,-0.197,12.695,-17.151,-11.353
0.843,0.524,-0.233,8.850,-16.296,-6.714
0.801,0.464,-0.280,6.531,-16.418,-2.869
0.770,0.398,-0.269,4.517,-16.479,-2.136
0.750,0.380,-0.242,4.272,-14.343,-4.211
0.752,0.395,-0.229,7.263,-12.817,-8.179
0.782,0.428,-0.211,11.475,-12.451,-13.550

